Ordinal Position,,Member Name,Member Id Number,Member External Id Number,Member Phone Number,Member Email
Program Information: Fall Semester 2022 -> Caving -> Wind Cave Adventure -> 11/19 Wind Cave Adventure,,,,,,
,1,Firstname Lastname,M-12345,112950798,3012264456,anon@umd.edu
,2,Firstname Lastname,M-12345,112950798,3012264456,anon@umd.edu
,3,Firstname Lastname,M-12345,112950798,3012264456,anon@umd.edu
,4,Firstname Lastname,M-12345,112950798,3012264456,anon@umd.edu
,5,Firstname Lastname,M-12345,112950798,3012264456,anon@umd.edu
,6,Firstname Lastname,M-12345,112950798,3012264456,anon@umd.edu
,7,Firstname Lastname,M-12345,112950798,3012264456,anon@umd.edu
,8,Firstname Lastname,M-12345,112950798,3012264456,anon@umd.edu
,9,Firstname Lastname,M-12345,112950798,3012264456,anon@umd.edu
,10,Firstname Lastname,M-12345,112950798,3012264456,anon@umd.edu
,11,Firstname Lastname,M-12345,112950798,3012264456,anon@umd.edu
,12,Firstname Lastname,M-12345,112950798,3012264456,anon@umd.edu
,13,Firstname Lastname,M-12345,112950798,3012264456,anon@umd.edu
,14,Firstname Lastname,M-12345,112950798,3012264456,anon@umd.edu
,15,Firstname Lastname,M-12345,112950798,3012264456,anon@umd.edu
,16,Firstname Lastname,M-12345,112950798,3012264456,anon@umd.edu
,17,Firstname Lastname,M-12345,112950798,3012264456,anon@umd.edu
,18,Firstname Lastname,M-12345,112950798,3012264456,anon@umd.edu
,19,Firstname Lastname,M-12345,112950798,3012264456,anon@umd.edu
,20,Firstname Lastname,M-12345,112950798,3012264456,anon@umd.edu
,21,Firstname Lastname,M-12345,112950798,3012264456,anon@umd.edu
,22,Firstname Lastname,M-12345,112950798,3012264456,anon@umd.edu
,23,Firstname Lastname,M-12345,112950798,3012264456,anon@umd.edu
,24,Firstname Lastname,M-12345,112950798,3012264456,anon@umd.edu
,25,Firstname Lastname,M-12345,112950798,3012264456,anon@umd.edu
,26,Firstname Lastname,M-12345,112950798,3012264456,anon@umd.edu
,27,Firstname Lastname,M-12345,112950798,3012264456,anon@umd.edu
,28,Firstname Lastname,M-12345,112950798,3012264456,anon@umd.edu
,29,Firstname Lastname,M-12345,112950798,3012264456,anon@umd.edu
,30,Firstname Lastname,M-12345,112950798,3012264456,anon@umd.edu
,31,Firstname Lastname,M-12345,112950798,3012264456,anon@umd.edu
,32,Firstname Lastname,M-12345,112950798,3012264456,anon@umd.edu
,33,Firstname Lastname,M-12345,112950798,3012264456,anon@umd.edu
,34,Firstname Lastname,M-12345,112950798,3012264456,anon@umd.edu
,35,Firstname Lastname,M-12345,112950798,3012264456,anon@umd.edu
,36,Firstname Lastname,M-12345,112950798,3012264456,anon@umd.edu
,37,Firstname Lastname,M-12345,112950798,3012264456,anon@umd.edu
,38,Firstname Lastname,M-12345,112950798,3012264456,anon@umd.edu
,39,Firstname Lastname,M-12345,112950798,3012264456,anon@umd.edu
,40,Firstname Lastname,M-12345,112950798,3012264456,anon@umd.edu
,41,Firstname Lastname,M-12345,112950798,3012264456,anon@umd.edu
,42,Firstname Lastname,M-12345,112950798,3012264456,anon@umd.edu
,43,Firstname Lastname,M-12345,112950798,3012264456,anon@umd.edu
,44,Firstname Lastname,M-12345,112950798,3012264456,anon@umd.edu
,45,Firstname Lastname,M-12345,112950798,3012264456,anon@umd.edu
,46,Firstname Lastname,M-12345,112950798,3012264456,anon@umd.edu
,47,Firstname Lastname,M-12345,112950798,3012264456,anon@umd.edu
,48,Firstname Lastname,M-12345,112950798,3012264456,anon@umd.edu
,49,Firstname Lastname,M-12345,112950798,3012264456,anon@umd.edu
,50,Firstname Lastname,M-12345,112950798,3012264456,anon@umd.edu
,51,Firstname Lastname,M-12345,112950798,3012264456,anon@umd.edu
,52,Firstname Lastname,M-12345,112950798,3012264456,anon@umd.edu
,53,Firstname Lastname,M-12345,112950798,3012264456,anon@umd.edu
,54,Firstname Lastname,M-12345,112950798,3012264456,anon@umd.edu
,55,Firstname Lastname,M-12345,112950798,3012264456,anon@umd.edu
,56,Firstname Lastname,M-12345,112950798,3012264456,anon@umd.edu
,57,Firstname Lastname,M-12345,112950798,3012264456,anon@umd.edu
,58,Firstname Lastname,M-12345,112950798,3012264456,anon@umd.edu
,59,Firstname Lastname,M-12345,112950798,3012264456,anon@umd.edu
,60,Firstname Lastname,M-12345,112950798,3012264456,anon@umd.edu
,61,Firstname Lastname,M-12345,112950798,3012264456,anon@umd.edu
,62,Firstname Lastname,M-12345,112950798,3012264456,anon@umd.edu
,63,Firstname Lastname,M-12345,112950798,3012264456,anon@umd.edu
,64,Firstname Lastname,M-12345,112950798,3012264456,anon@umd.edu
,65,Firstname Lastname,M-12345,112950798,3012264456,anon@umd.edu
,66,Firstname Lastname,M-12345,112950798,3012264456,anon@umd.edu
,67,Firstname Lastname,M-12345,112950798,3012264456,anon@umd.edu
,68,Firstname Lastname,M-12345,112950798,3012264456,anon@umd.edu
,69,Firstname Lastname,M-12345,112950798,3012264456,anon@umd.edu
,70,Firstname Lastname,M-12345,112950798,3012264456,anon@umd.edu
,71,Firstname Lastname,M-12345,112950798,3012264456,anon@umd.edu
,72,Firstname Lastname,M-12345,112950798,3012264456,anon@umd.edu
,73,Firstname Lastname,M-12345,112950798,3012264456,anon@umd.edu
,74,Firstname Lastname,M-12345,112950798,3012264456,anon@umd.edu